js_vx_desire,js_vy_desire,js_OmegaZ_desire,global_x,global_y,global_yaw
0.439056,0,0.8737,15,6.49959,1.5708
0.4406,0,0.87357,15.0005,6.49933,1.57422
0.4406,0,0.87357,15.001,6.499,1.58696
0.4406,0,0.87357,15.0019,6.49993,1.60818
0.4406,0,0.87357,15.0028,6.5013,1.63128
0.4406,0,0.87357,15.0033,6.50278,1.65235
0.4406,0,0.87357,15.0033,6.50459,1.67052
0.4406,0,0.87357,15.0027,6.50709,1.68665
0.978724,0,0.589974,15.0015,6.51038,1.70349
0.978724,0,0.589974,14.9998,6.51424,1.71746
0.978724,0,0.589974,14.9976,6.5185,1.72721
0.978724,0,0.589974,14.9951,6.52314,1.7372
0.978724,0,0.589974,14.992,6.52829,1.75091
0.978724,0,0.589974,14.9884,6.53408,1.76564
0.978724,0,0.589974,14.984,6.54059,1.77817
1,0,0.363107,14.9791,6.54776,1.79095
1,0,0.363107,14.9737,6.55566,1.79998
1,0,0.363107,14.9678,6.56425,1.80622
1,0,0.363107,14.9616,6.5736,1.81187
1,0,0.363107,14.955,6.58366,1.8177
1,0,0.363107,14.9482,6.59444,1.82338
1,0,0.363107,14.941,6.60597,1.82907
1,0,0.363107,14.9336,6.61839,1.83394
1,0,0.387361,14.9261,6.63187,1.83816
1,0,0.387361,14.9193,6.64639,1.83908
1,0,0.387361,14.913,6.66197,1.84025
1,0,0.387361,14.9067,6.67899,1.84186
1,0,0.387361,14.9004,6.69725,1.84543
1,0,0.387361,14.8939,6.71597,1.8533
1,0,0.387361,14.8877,6.73479,1.86122
1,0,0.425437,14.8818,6.75383,1.86831
1,0,0.425437,14.8768,6.77315,1.87472
1,0,0.425437,14.8722,6.79251,1.88031
1,0,0.425437,14.8675,6.81201,1.88379
1,0,0.425437,14.8626,6.83195,1.88615
1,0,0.425437,14.858,6.85249,1.8897
1,0,0.409605,14.8541,6.87366,1.89441
1,0,0.409605,14.8505,6.89554,1.89835
1,0,0.409605,14.8462,6.91835,1.90399
1,0,0.409605,14.8407,6.94161,1.91142
1,0,0.409605,14.8344,6.96486,1.91705
1,0,0.409605,14.8269,6.98843,1.9255
1,0,0.409605,14.819,7.01228,1.93525
1,0,0.436349,14.8115,7.03489,1.94356
1,0,0.436349,14.8032,7.05648,1.9547
1,0,0.436349,14.7944,7.07685,1.96613
1,0,0.436349,14.7856,7.0961,1.97706
1,0,0.436349,14.777,7.11465,1.98834
1,0,0.436349,14.7682,7.13287,2.00024
1,0,0.436349,14.7591,7.15075,2.01256
1,0,0.436349,14.7492,7.16811,2.02517
1,0,0.407968,14.7388,7.18493,2.03762
1,0,0.407968,14.7278,7.20149,2.04906
1,0,0.407968,14.7164,7.21818,2.05892
1,0,0.407968,14.7046,7.23525,2.06705
1,0,0.407968,14.6927,7.2528,2.07317
1,0,0.407968,14.6805,7.2708,2.07734
1,0,0.407968,14.6682,7.28928,2.08011
1,0,0.373942,14.6556,7.30806,2.08085
1,0,0.373942,14.6424,7.32653,2.0783
1,0,0.373942,14.6292,7.34507,2.07573
1,0,0.373942,14.616,7.36335,2.0739
1,0,0.373942,14.6033,7.38164,2.07476
1,0,0.373942,14.5915,7.40037,2.07878
1,0,0.373942,14.58,7.41947,2.08421
1,0,0.373942,14.5684,7.43868,2.09014
1,0,0.428341,14.5568,7.45762,2.09706
1,0,0.428341,14.5452,7.47622,2.10569
1,0,0.428341,14.5338,7.49487,2.11513
1,0,0.428341,14.5225,7.51371,2.12351
1,0,0.428341,14.5116,7.53261,2.13032
1,0,0.428341,14.5011,7.55112,2.13608
1,0,0.428341,14.4908,7.56908,2.14067
1,0,0.414873,14.4804,7.58701,2.14467
1,0,0.414873,14.4701,7.6056,2.14911
1,0,0.414873,14.4602,7.62516,2.15382
1,0,0.414873,14.4503,7.64543,2.1592
1,0,0.414873,14.4403,7.66552,2.16381
1,0,0.414873,14.4293,7.68536,2.17248
1,0,0.414873,14.4176,7.70558,2.18292
1,0,0.377408,14.4053,7.72581,2.19447
1,0,0.377408,14.3924,7.7455,2.20619
1,0,0.377408,14.3787,7.76453,2.21777
1,0,0.377408,14.3647,7.7828,2.22788
1,0,0.377408,14.3501,7.80026,2.23792
1,0,0.377408,14.3351,7.8168,2.24801
1,0,0.377408,14.3204,7.83235,2.25744
1,0,0.376049,14.3063,7.84734,2.26683
1,0,0.376049,14.2923,7.86216,2.27663
1,0,0.376049,14.2777,7.87668,2.28696
1,0,0.376049,14.2622,7.89067,2.29805
1,0,0.376049,14.2459,7.90421,2.30973
1,0,0.376049,14.2292,7.91756,2.32068
1,0,0.376049,14.2122,7.93101,2.32837
1,0,0.342381,14.1956,7.94489,2.33321
1,0,0.342381,14.1787,7.95891,2.33333
1,0,0.342381,14.1616,7.97314,2.33267
1,0,0.342381,14.1446,7.98743,2.33159
1,0,0.342381,14.1279,8.0018,2.33138
1,0,0.342381,14.1115,8.01654,2.33322
1,0,0.342381,14.0955,8.03146,2.3378
1,0,0.342381,14.0798,8.0468,2.34397
1,0,0.37064,14.0646,8.06256,2.35007
1,0,0.37064,14.0497,8.07846,2.35566
1,0,0.37064,14.0352,8.09426,2.36043
1,0,0.37064,14.0212,8.10972,2.36383
1,0,0.37064,14.0074,8.12463,2.36516
1,0,0.37064,13.9938,8.13927,2.36541
1,0,0.37064,13.9805,8.15436,2.36721
1,0,0.335095,13.9677,8.17048,2.3705
1,0,0.335095,13.955,8.18774,2.37353
1,0,0.335095,13.9419,8.20491,2.37587
1,0,0.335095,13.9277,8.22145,2.38081
1,0,0.335095,13.9128,8.2384,2.38728
1,0,0.335095,13.8973,8.25568,2.39504
1,0,0.335095,13.8814,8.27271,2.4047
1,0,0.335095,13.8649,8.28905,2.41577
1,0,0.330544,13.848,8.30471,2.42558
1,0,0.330544,13.8309,8.31954,2.43414
1,0,0.330544,13.8135,8.33352,2.44258
1,0,0.330544,13.7961,8.34659,2.45031
1,0,0.330544,13.7794,8.35896,2.45772
1,0,0.330544,13.7632,8.37117,2.46576
1,0,0.330544,13.7468,8.38321,2.47447
1,0,0.338708,13.7297,8.39472,2.48392
1,0,0.338708,13.7118,8.40553,2.49423
1,0,0.338708,13.6935,8.41585,2.50507
1,0,0.338708,13.6747,8.42607,2.51532
1,0,0.338708,13.6556,8.43625,2.52198
1,0,0.338708,13.6366,8.44678,2.5272
1,0,0.338708,13.6176,8.45759,2.52823
1,0,0.338708,13.5981,8.46831,2.52649
1,0,0.297234,13.5784,8.47917,2.52491
1,0,0.297234,13.5587,8.49016,2.5233
1,0,0.297234,13.5394,8.50129,2.52159
1,0,0.297234,13.5204,8.51295,2.52202
1,0,0.297234,13.5019,8.52485,2.52579
1,0,0.297234,13.4838,8.53722,2.53078
1,0,0.297234,13.4658,8.54967,2.53606
1,0,0.338424,13.4481,8.562,2.54129
1,0,0.338424,13.4308,8.57428,2.54642
1,0,0.338424,13.4138,8.58657,2.55075
1,0,0.338424,13.3973,8.59858,2.55343
1,0,0.338424,13.3813,8.61013,2.55424
1,0,0.338424,13.3654,8.62162,2.55481
1,0,0.338424,13.3498,8.63385,2.55696
1,0,0.303663,13.3343,8.64721,2.55999
1,0,0.303663,13.3184,8.66157,2.56331
1,0,0.303663,13.3021,8.67565,2.56577
1,0,0.303663,13.2852,8.68921,2.57044
1,0,0.303663,13.2673,8.70285,2.57804
1,0,0.303663,13.2486,8.71656,2.58732
1,0,0.303663,13.2295,8.72972,2.59746
1,0,0.303663,13.2101,8.74208,2.60686
1,0,0.322372,13.1907,8.75346,2.61564
1,0,0.322372,13.1709,8.76388,2.62493
1,0,0.322372,13.1511,8.77341,2.63381
1,0,0.322372,13.1321,8.78224,2.64182
1,0,0.322372,13.1137,8.79087,2.65006
1,0,0.322372,13.0954,8.79937,2.65904
1,0,0.322372,13.0766,8.80737,2.66874
1,0,0.322372,13.0571,8.81458,2.67918
1,0,0.335396,13.0372,8.82113,2.69012
1,0,0.335396,13.0169,8.82741,2.70092
1,0,0.335396,12.9962,8.83371,2.70678
1,0,0.335396,12.9758,8.84065,2.70868
1,0,0.335396,12.9552,8.84755,2.7081
1,0,0.335396,12.9345,8.85459,2.70804
1,0,0.335396,12.9139,8.86182,2.7079
1,0,0.271275,12.8935,8.86923,2.70741
1,0,0.271275,12.8734,8.8771,2.70749
1,0,0.271275,12.8533,8.88559,2.70935
1,0,0.271275,12.8334,8.89437,2.71359
1,0,0.271275,12.8138,8.90353,2.71859
1,0,0.271275,12.7944,8.91288,2.72317
1,0,0.271275,12.7753,8.92232,2.72666
1,0,0.271275,12.7566,8.93178,2.72875
1,0,0.316002,12.7385,8.94096,2.72895
1,0,0.316002,12.7207,8.94976,2.72789
1,0,0.316002,12.703,8.9588,2.72817
1,0,0.316002,12.6854,8.96884,2.73045
1,0,0.316002,12.6676,8.98008,2.73344
1,0,0.316002,12.6494,8.99154,2.73684
1,0,0.310371,12.6308,9.00252,2.74037
1,0,0.310371,12.6112,9.01319,2.74713
1,0,0.310371,12.5907,9.02347,2.75641
1,0,0.310371,12.5697,9.03305,2.76634
1,0,0.310371,12.5483,9.0418,2.77612
1,0,0.310371,12.5269,9.04991,2.78522
1,0,0.310371,12.5054,9.05725,2.79369
1,0,0.310371,12.4839,9.06373,2.80178
1,0,0.310371,12.463,9.06947,2.80912
1,0,0.335114,12.4429,9.07496,2.81668
1,0,0.335114,12.4229,9.08043,2.82555
1,0,0.335114,12.4026,9.08546,2.83559
1,0,0.335114,12.3816,9.08962,2.84632
1,0,0.335114,12.3603,9.09296,2.85756
1,0,0.335114,12.3386,9.09579,2.86797
1,0,0.335114,12.3168,9.09861,2.87581
1,0,0.324421,12.2952,9.10207,2.88062
1,0,0.324421,12.2732,9.10561,2.88027
1,0,0.324421,12.2508,9.10913,2.87961
1,0,0.324421,12.2284,9.11274,2.87849
1,0,0.324421,12.2062,9.11651,2.87714
1,0,0.324421,12.1843,9.12075,2.87721
1,0,0.324421,12.1627,9.12523,2.88079
1,0,0.333502,12.1412,9.13036,2.88656
1,0,0.333502,12.1199,9.13596,2.8927
1,0,0.333502,12.0988,9.14178,2.8984
1,0,0.333502,12.0782,9.14769,2.90316
1,0,0.333502,12.0582,9.15362,2.90652
1,0,0.333502,12.0387,9.15925,2.90771
1,0,0.333502,12.0195,9.16457,2.90727
1,0,0.333502,12.0005,9.17026,2.90789
1,0,0.307231,11.9814,9.17699,2.91038
1,0,0.307231,11.9619,9.18471,2.91277
1,0,0.307231,11.9416,9.19279,2.91776
1,0,0.307231,11.921,9.20046,2.92271
1,0,0.307231,11.8998,9.20741,2.92933
1,0,0.307231,11.8781,9.21358,2.938
1,0,0.307231,11.856,9.21889,2.94667
1,0,0.328324,11.8339,9.22324,2.95628
1,0,0.328324,11.8114,9.22685,2.96652
1,0,0.328324,11.7887,9.22998,2.97657
1,0,0.328324,11.7664,9.23267,2.98502
1,0,0.328324,11.7446,9.23464,2.99246
1,0,0.328324,11.7237,9.23625,2.99979
1,0,0.328324,11.7032,9.23792,3.00812
1,0,0.328324,11.6826,9.23933,3.01733
1,0,0.38265,11.6616,9.23992,3.02723
1,0,0.38265,11.6404,9.23952,3.03843
1,0,0.38265,11.6189,9.23844,3.05085
1,0,0.38265,11.5971,9.23711,3.05825
1,0,0.38265,11.5753,9.23623,3.06079
1,0,0.38265,11.5534,9.23535,3.06105
1,0,0.296338,11.5312,9.23467,3.06189
1,0,0.296338,11.5091,9.23419,3.0618
1,0,0.296338,11.487,9.23394,3.06051
1,0,0.296338,11.4649,9.23419,3.06083
1,0,0.296338,11.443,9.23474,3.06368
1,0,0.296338,11.4212,9.23586,3.06854
1,0,0.296338,11.3995,9.23749,3.07382
1,0,0.324949,11.378,9.23943,3.07841
1,0,0.324949,11.357,9.24153,3.0819
1,0,0.324949,11.3365,9.24362,3.08377
1,0,0.324949,11.3166,9.24547,3.08336
1,0,0.324949,11.2969,9.24729,3.08229
1,0,0.324949,11.2773,9.24979,3.08318
1,0,0.324949,11.2574,9.25339,3.08569
1,0,0.304098,11.2367,9.25773,3.08795
1,0,0.304098,11.2154,9.26205,3.09115
1,0,0.304098,11.1939,9.26571,3.09456
1,0,0.304098,11.1716,9.26908,3.10039
1,0,0.304098,11.1487,9.27198,3.10915
1,0,0.304098,11.1256,9.27412,3.11929
1,0,0.304098,11.1025,9.27535,3.12929
1,0,0.354394,11.0793,9.27581,3.13898
1,0,0.354394,11.0565,9.27572,-3.1353
1,0,0.354394,11.034,9.27477,-3.12645
1,0,0.354394,11.0121,9.27316,-3.11842
1,0,0.354394,10.9912,9.27144,-3.11064
1,0,0.354394,10.9706,9.26988,-3.10184
1,0,0.354394,10.9499,9.26797,-3.09221
1,0,0.368938,10.929,9.26512,-3.08188
1,0,0.368938,10.9079,9.26125,-3.07072
1,0,0.368938,10.8868,9.25673,-3.05905
1,0,0.368938,10.8656,9.25198,-3.04862
1,0,0.368938,10.8441,9.2471,-3.04192
1,0,0.368938,10.8225,9.24254,-3.03696
1,0,0.368938,10.8005,9.23753,-3.03697
1,0,0.300949,10.7783,9.2325,-3.03743
1,0,0.300949,10.756,9.22757,-3.03844
1,0,0.300949,10.7338,9.22286,-3.04024
1,0,0.300949,10.7117,9.21865,-3.04056
1,0,0.300949,10.6894,9.21502,-3.03828
1,0,0.300949,10.6673,9.21168,-3.03329
1,0,0.287313,10.6451,9.20883,-3.02753
1,0,0.287313,10.6231,9.20627,-3.02218
1,0,0.287313,10.6014,9.20394,-3.01772
1,0,0.287313,10.58,9.20187,-3.01453
1,0,0.287313,10.5591,9.19998,-3.01298
1,0,0.287313,10.5388,9.19797,-3.0134
1,0,0.287313,10.5188,9.19604,-3.01426
1,0,0.287313,10.4985,9.19481,-3.01335
1,0,0.287313,10.4776,9.19456,-3.01124
1,0,0.283667,10.4558,9.19488,-3.00863
1,0,0.283667,10.4338,9.19472,-3.00583
1,0,0.283667,10.4118,9.19367,-3.00113
1,0,0.283667,10.3889,9.19204,-2.99387
1,0,0.283667,10.3656,9.18987,-2.98454
1,0,0.283667,10.3422,9.18693,-2.97467
1,0,0.283667,10.3193,9.18327,-2.96551
1,0,0.348243,10.2969,9.17893,-2.95706
1,0,0.348243,10.2749,9.17367,-2.94788
1,0,0.348243,10.2535,9.16778,-2.93878
1,0,0.348243,10.233,9.16177,-2.93043
1,0,0.348243,10.2132,9.15606,-2.92177
1,0,0.348243,10.1935,9.15032,-2.91212
1,0,0.348243,10.1738,9.14391,-2.90164
1,0,0.245762,10.1541,9.1365,-2.89049
1,0,0.245762,10.1344,9.12826,-2.88001
1,0,0.245762,10.1147,9.11952,-2.87182
1,0,0.245762,10.095,9.11071,-2.86626
1,0,0.245762,10.0751,9.10226,-2.86306
1,0,0.245762,10.0549,9.09351,-2.86402
1,0,0.245762,10.0344,9.08481,-2.86541
1,0,0.159256,10.0138,9.07624,-2.8673
1,0,0.159256,9.99324,9.06797,-2.86991
1,0,0.159256,9.97254,9.06025,-2.87184
1,0,0.159256,9.95178,9.053,-2.87173
1,0,0.159256,9.93097,9.04625,-2.8692
1,0,0.159256,9.91004,9.03997,-2.86608
1,0,0.185669,9.88922,9.03403,-2.86345
1,0,0.185669,9.86861,9.0284,-2.86171
1,0,0.185669,9.8484,9.02314,-2.86123
1,0,0.185669,9.82878,9.01798,-2.86296
1,0,0.185669,9.80954,9.01273,-2.8665
1,0,0.185669,9.79022,9.00785,-2.86897
1,0,0.185669,9.77033,9.00387,-2.86908
1,0,0.252439,9.74959,9.00067,-2.86853
1,0,0.252439,9.72794,8.99777,-2.86691
1,0,0.252439,9.7064,8.99419,-2.86455
1,0,0.252439,9.6847,8.98982,-2.861
1,0,0.252439,9.66222,8.98502,-2.85475
1,0,0.252439,9.63936,8.97981,-2.84624
1,0,0.252439,9.61668,8.97394,-2.83852
1,0,0.312994,9.59451,8.96734,-2.83037
1,0,0.312994,9.57301,8.96027,-2.8224
1,0,0.312994,9.55195,8.95236,-2.81374
1,0,0.312994,9.53147,8.94392,-2.80552
1,0,0.312994,9.51192,8.93538,-2.79829
1,0,0.312994,9.4932,8.92719,-2.79091
1,0,0.259007,9.47479,8.91928,-2.78244
1,0,0.259007,9.45646,8.911,-2.77359
1,0,0.259007,9.4383,8.90187,-2.76467
1,0,0.259007,9.42035,8.89185,-2.75531
1,0,0.259007,9.4025,8.88124,-2.7457
1,0,0.259007,9.3845,8.87018,-2.73828
1,0,0.259007,9.36638,8.85923,-2.73276
1,0,0.259007,9.34809,8.84844,-2.73059
1,0,0.188431,9.32957,8.83736,-2.73187
1,0,0.188431,9.31073,8.8262,-2.73389
1,0,0.188431,9.29174,8.81514,-2.7368
1,0,0.188431,9.27271,8.80434,-2.74
1,0,0.188431,9.25349,8.79406,-2.74167
1,0,0.188431,9.23426,8.78425,-2.74041
1,0,0.188431,9.2148,8.77496,-2.73713
1,0,0.184991,9.19511,8.76608,-2.73358
1,0,0.184991,9.17545,8.75752,-2.73059
1,0,0.184991,9.15593,8.74927,-2.72863
1,0,0.184991,9.1367,8.74141,-2.72812
1,0,0.184991,9.11803,8.7338,-2.72968
1,0,0.184991,9.09978,8.72616,-2.73306
1,0,0.184991,9.08145,8.7188,-2.73572
1,0,0.184991,9.06244,8.7122,-2.7361
1,0,0.140976,9.04248,8.70628,-2.73564
1,0,0.140976,9.02151,8.70061,-2.73493
1,0,0.140976,9.0007,8.69437,-2.73534
1,0,0.140976,8.97977,8.68732,-2.7337
1,0,0.140976,8.9581,8.67968,-2.72944
1,0,0.140976,8.93583,8.67168,-2.72311
1,0,0.140976,8.9137,8.66336,-2.71557
1,0,0.140976,8.89204,8.65443,-2.70775
1,0,0.228315,8.87119,8.64519,-2.70179
1,0,0.228315,8.85095,8.6351,-2.69525
1,0,0.228315,8.83134,8.62443,-2.68812
1,0,0.228315,8.81266,8.61365,-2.68192
1,0,0.228315,8.79482,8.6033,-2.67616
1,0,0.228315,8.77733,8.59335,-2.6697
1,0,0.228315,8.75998,8.58317,-2.66241
1,0,0.19604,8.74286,8.57223,-2.65412
1,0,0.19604,8.72604,8.56043,-2.64533
1,0,0.19604,8.70938,8.54804,-2.63666
1,0,0.19604,8.69262,8.53529,-2.62903
1,0,0.19604,8.67564,8.5224,-2.62455
1,0,0.19604,8.65839,8.50985,-2.622
1,0,0.19604,8.64104,8.49692,-2.62352
1,0,0.071862,8.62346,8.48389,-2.62559
1,0,0.071862,8.60575,8.47094,-2.62885
1,0,0.071862,8.58799,8.45827,-2.6336
1,0,0.071862,8.57002,8.44611,-2.63783
1,0,0.071862,8.55155,8.43447,-2.64001
1,0,0.071862,8.53297,8.4231,-2.63962
1,0,0.071862,8.51424,8.41213,-2.63812
1,0,0.0988103,8.49538,8.40152,-2.63683
1,0,0.0988103,8.47647,8.39128,-2.6362
1,0,0.0988103,8.45768,8.38147,-2.63675
1,0,0.0988103,8.43935,8.37201,-2.63933
1,0,0.0988103,8.42149,8.3626,-2.64399
1,0,0.0988103,8.40362,8.35334,-2.64848
1,0,0.0988103,8.38508,8.34472,-2.65056
1,0,0.14895,8.36552,8.3368,-2.65116
1,0,0.14895,8.34491,8.32918,-2.65052
1,0,0.14895,8.32442,8.32112,-2.64971
1,0,0.14895,8.3039,8.31237,-2.64778
1,0,0.14895,8.28283,8.30288,-2.64322
1,0,0.14895,8.26128,8.29289,-2.63665
1,0,0.14895,8.23982,8.28246,-2.63043
1,0,0.24667,8.2189,8.27145,-2.62362
1,0,0.24667,8.19878,8.26035,-2.61748
1,0,0.24667,8.17929,8.24857,-2.6106
1,0,0.24667,8.16047,8.2361,-2.60337
1,0,0.24667,8.14257,8.22342,-2.59691
1,0,0.24667,8.12554,8.21119,-2.59067
1,0,0.24667,8.10885,8.19944,-2.58357
1,0,0.24667,8.09234,8.18755,-2.57569
1,0,0.212915,8.07613,8.17493,-2.56679
1,0,0.212915,8.06028,8.16149,-2.55745
1,0,0.212915,8.04463,8.14746,-2.54826
1,0,0.212915,8.02892,8.13308,-2.54019
1,0,0.212915,8.013,8.11855,-2.53541
1,0,0.212915,7.99678,8.1044,-2.53271
1,0,0.212915,7.9805,8.08987,-2.53402
1,0,0.212915,7.964,8.07526,-2.53585
1,0,0.0726485,7.94738,8.06077,-2.53812
1,0,0.0726485,7.93068,8.04662,-2.54152
1,0,0.0726485,7.91368,8.03298,-2.5452
1,0,0.0726485,7.89613,8.01974,-2.54711
1,0,0.0726485,7.8785,8.00681,-2.54642
1,0,0.0726485,7.86066,7.99431,-2.54485
1,0,0.0726485,7.84276,7.98216,-2.5437
1,0,0.0754587,7.82487,7.97037,-2.54364
1,0,0.0754587,7.80713,7.95904,-2.54509
1,0,0.0754587,7.78986,7.94805,-2.54872
1,0,0.0754587,7.77299,7.9371,-2.55418
1,0,0.0754587,7.75592,7.92641,-2.55886
1,0,0.0754587,7.73801,7.91634,-2.56111
1,0,0.0754587,7.71904,7.9068,-2.56235
1,0,0.0754587,7.69908,7.89742,-2.56256
1,0,0.136787,7.67943,7.88752,-2.56369
1,0,0.136787,7.65969,7.8769,-2.56204
1,0,0.136787,7.63938,7.86561,-2.55736
1,0,0.136787,7.61865,7.85387,-2.55094
1,0,0.136787,7.59813,7.84184,-2.54441
1,0,0.136787,7.57818,7.8293,-2.53759
1,0,0.136787,7.55892,7.81662,-2.53236
1,0,0.136787,7.5403,7.80329,-2.52742
1,0,0.21848,7.52232,7.78929,-2.52225
1,0,0.21848,7.50519,7.77511,-2.51701
1,0,0.21848,7.48892,7.76139,-2.5114
1,0,0.21848,7.47305,7.74826,-2.50504
1,0,0.21848,7.45736,7.73511,-2.498
1,0,0.21848,7.44194,7.72136,-2.49007
1,0,0.21848,7.42692,7.70679,-2.48112
1,0,0.21848,7.41216,7.6916,-2.47159
1,0,0.140879,7.3974,7.67601,-2.46289
1,0,0.140879,7.38245,7.66027,-2.4583
1,0,0.140879,7.36718,7.64494,-2.45664
1,0,0.140879,7.35186,7.62925,-2.45916
1,0,0.140879,7.33632,7.61349,-2.46209
1,0,0.140879,7.32065,7.59785,-2.46544
1,0,0.140879,7.30486,7.58257,-2.46883
1,0,0.114277,7.28872,7.56777,-2.4709
1,0,0.114277,7.27209,7.55327,-2.47092
1,0,0.114277,7.25529,7.53914,-2.46915
1,0,0.114277,7.23822,7.52544,-2.46707
1,0,0.114277,7.22105,7.51211,-2.46554
1,0,0.114277,7.20387,7.49916,-2.4652
1,0,0.0717959,7.18692,7.48671,-2.46636
1,0,0.0717959,7.1705,7.47458,-2.47009
1,0,0.0717959,7.15436,7.46248,-2.47581
1,0,0.0717959,7.13777,7.45069,-2.48017
1,0,0.0717959,7.12016,7.43948,-2.4822
1,0,0.0717959,7.1013,7.42863,-2.48274
1,0,0.0717959,7.08231,7.41765,-2.48355
1,0,0.105239,7.06348,7.40599,-2.48332
1,0,0.105239,7.04425,7.39359,-2.48058
1,0,0.105239,7.02458,7.38056,-2.4758
1,0,0.105239,7.00482,7.3672,-2.46983
1,0,0.105239,6.98545,7.35343,-2.46327
1,0,0.105239,6.96667,7.33935,-2.45791
1,0,0.105239,6.94869,7.32486,-2.45342
1,0,0.175248,6.93147,7.30974,-2.44877
1,0,0.175248,6.91511,7.2944,-2.44409
1,0,0.175248,6.89963,7.27953,-2.43924
1,0,0.175248,6.88458,7.26529,-2.4338
1,0,0.175248,6.86971,7.25114,-2.42776
1,0,0.175248,6.85513,7.23647,-2.42089
1,0,0.121941,6.84098,7.22103,-2.41295
1,0,0.121941,6.82716,7.20495,-2.40485
1,0,0.121941,6.81339,7.1885,-2.39759
1,0,0.121941,6.7995,7.17165,-2.39331
1,0,0.121941,6.78532,7.15501,-2.39031
1,0,0.121941,6.77099,7.13842,-2.3911
1,0,0.121941,6.75652,7.12158,-2.3944
1,0,0.0620869,6.74177,7.10467,-2.39784
1,0,0.0620869,6.72687,7.08795,-2.40214
1,0,0.0620869,6.7117,7.07171,-2.40686
1,0,0.0620869,6.6961,7.05599,-2.41021
1,0,0.0620869,6.68026,7.04076,-2.41073
1,0,0.0620869,6.66406,7.02592,-2.41
1,0,0.0620869,6.64782,7.0114,-2.4091
1,0,0.0620869,6.63167,6.99719,-2.40857
1,0,0.0620869,6.61556,6.98335,-2.40916
1,0,0.0836332,6.59967,6.97001,-2.41152
1,0,0.0836332,6.58426,6.95699,-2.41591
1,0,0.0836332,6.56906,6.94413,-2.421
1,0,0.0836332,6.55335,6.93165,-2.42416
1,0,0.0836332,6.53659,6.91969,-2.42529
1,0,0.0836332,6.5187,6.9079,-2.42566
1,0,0.0836332,6.50055,6.89586,-2.42537
1,0,0.0836332,6.48269,6.88309,-2.4243
1,0,0.0817575,6.46439,6.86962,-2.4207
1,0,0.0817575,6.44569,6.85557,-2.41539
1,0,0.0817575,6.4271,6.84123,-2.40998
1,0,0.0817575,6.40904,6.82649,-2.40446
1,0,0.0817575,6.3915,6.8111,-2.39898
1,0,0.0817575,6.37465,6.79543,-2.39447
1,0,0.0817575,6.35858,6.77919,-2.39017
1,0,0.0817575,6.34334,6.76282,-2.38666
1,0,0.191923,6.32891,6.74695,-2.38385
1,0,0.191923,6.31485,6.73178,-2.37942
1,0,0.191923,6.30093,6.71674,-2.3726
1,0,0.191923,6.2873,6.70116,-2.36448
1,0,0.191923,6.27413,6.68479,-2.35563
1,0,0.191923,6.26134,6.66778,-2.34631
1,0,0.191923,6.24865,6.6503,-2.33806
1,0,0.191923,6.23581,6.63273,-2.33255
1,0,0.110231,6.22252,6.61557,-2.32947
1,0,0.110231,6.20919,6.59801,-2.33129
1,0,0.110231,6.19565,6.5803,-2.3344
1,0,0.110231,6.18198,6.56266,-2.33821
1,0,0.110231,6.16816,6.54537,-2.34242
1,0,0.110231,6.15379,6.52844,-2.34426
1,0,0.110231,6.13911,6.51196,-2.34453
1,0,0.110231,6.12416,6.49595,-2.3434
1,0,0.110231,6.10892,6.48029,-2.34167
1,0,0.0961248,6.09364,6.46497,-2.34006
1,0,0.0961248,6.07847,6.45007,-2.33969
1,0,0.0961248,6.06356,6.43566,-2.34143
1,0,0.0961248,6.04913,6.42156,-2.34571
1,0,0.0961248,6.03493,6.40763,-2.35124
1,0,0.0961248,6.02029,6.39408,-2.35499
1,0,0.0961248,6.00459,6.38103,-2.35641
1,0,0.0961248,5.98784,6.36813,-2.35751
1,0,0.0442858,5.97021,6.35498,-2.35737
1,0,0.0442858,5.95306,6.34126,-2.35828
1,0,0.0442858,5.93582,6.3269,-2.35784
1,0,0.0442858,5.91812,6.31169,-2.35449
1,0,0.0442858,5.90015,6.296,-2.34946
1,0,0.0442858,5.88251,6.28001,-2.34462
1,0,0.0442858,5.86557,6.26372,-2.33951
1,0,0.194523,5.84951,6.24742,-2.33543
1,0,0.194523,5.83427,6.23053,-2.33011
1,0,0.194523,5.81982,6.21338,-2.32366
1,0,0.194523,5.80625,6.19655,-2.3179
1,0,0.194523,5.79323,6.18046,-2.31243
1,0,0.194523,5.78037,6.16483,-2.30634
1,0,0.194523,5.76777,6.14899,-2.29945
1,0,0.123046,5.75567,6.13255,-2.29151
1,0,0.123046,5.74411,6.11543,-2.28345
1,0,0.123046,5.73286,6.09784,-2.27608
1,0,0.123046,5.72155,6.07995,-2.26946
1,0,0.123046,5.71021,6.06162,-2.2666
1,0,0.123046,5.6985,6.04364,-2.26454
1,0,0.123046,5.68673,6.02561,-2.26548
1,0,0.123046,5.6746,6.0074,-2.26803
1,0,0.123046,5.6622,5.9891,-2.27169
1,0,0.123046,5.64965,5.97103,-2.27614
1,0,0.130874,5.63669,5.95339,-2.27928
1,0,0.130874,5.62357,5.93632,-2.2797
1,0,0.130874,5.60989,5.91969,-2.2783
1,0,0.130874,5.59585,5.90335,-2.27637
1,0,0.130874,5.58177,5.8873,-2.27452
1,0,0.130874,5.56775,5.87156,-2.27326
1,0,0.130874,5.55381,5.85623,-2.27332
1,0,0.130874,5.5402,5.84136,-2.27543
1,0,0.123154,5.52702,5.82675,-2.27952
1,0,0.123154,5.51378,5.81237,-2.28349
1,0,0.123154,5.4997,5.79835,-2.28531
1,0,0.123154,5.48446,5.78459,-2.28583
1,0,0.123154,5.46812,5.77064,-2.28536
1,0,0.123154,5.45199,5.75639,-2.28549
1,0,0.123154,5.43606,5.74153,-2.28428
1,0,0.123154,5.41991,5.72571,-2.28004
1,0,0.123154,5.40343,5.70917,-2.27394
1,0,0.142564,5.38713,5.69233,-2.26704
1,0,0.142564,5.37144,5.67505,-2.26
1,0,0.142564,5.35648,5.6579,-2.25472
1,0,0.142564,5.34238,5.64028,-2.24959
1,0,0.142564,5.32918,5.62224,-2.24414
1,0,0.142564,5.31693,5.60432,-2.23943
1,0,0.142564,5.30531,5.58714,-2.23509
1,0,0.142564,5.29379,5.57052,-2.23005
1,0,0.129508,5.28246,5.55376,-2.22428
1,0,0.129508,5.27164,5.53638,-2.21766
1,0,0.129508,5.26141,5.51833,-2.2102
1,0,0.129508,5.25152,5.49982,-2.20228
1,0,0.129508,5.24171,5.48083,-2.19634
1,0,0.129508,5.23161,5.46197,-2.19215
1,0,0.129508,5.22108,5.44332,-2.19185
1,0,0.129508,5.21044,5.42436,-2.19454
1,0,0.129508,5.19956,5.40521,-2.19755
1,0,0.0955113,5.18854,5.38614,-2.20098
1,0,0.0955113,5.17728,5.36743,-2.20531
1,0,0.0955113,5.16536,5.349,-2.20728
1,0,0.0955113,5.15314,5.3311,-2.20727
1,0,0.0955113,5.14041,5.31361,-2.20647
1,0,0.0955113,5.12751,5.29644,-2.20528
1,0,0.0955113,5.11465,5.2796,-2.20416
1,0,0.0955113,5.10187,5.26315,-2.2041
1,0,0.0955113,5.08934,5.24718,-2.20604
1,0,0.0821464,5.07724,5.23155,-2.21051
1,0,0.0821464,5.0653,5.21614,-2.21602
1,0,0.0821464,5.05276,5.20106,-2.21973
1,0,0.0821464,5.03907,5.1863,-2.22132
1,0,0.0821464,5.02437,5.17146,-2.22278
1,0,0.0821464,5.00889,5.15624,-2.22278
1,0,0.0821464,4.99391,5.14051,-2.22333
1,0,0.0821464,4.97886,5.1242,-2.22225
1,0,0.0821464,4.96344,5.10703,-2.21818
1,0,0.184741,4.94782,5.08938,-2.21275
1,0,0.184741,4.93258,5.0716,-2.20579
1,0,0.184741,4.91807,5.05346,-2.19745
1,0,0.184741,4.90425,5.03532,-2.19085
1,0,0.184741,4.89122,5.01676,-2.18505
1,0,0.184741,4.87904,4.99783,-2.17917
1,0,0.184741,4.86774,4.97903,-2.17392
1,0,0.184741,4.85708,4.96096,-2.16911
1,0,0.227342,4.84655,4.94352,-2.16366
1,0,0.227342,4.83621,4.92606,-2.15701
1,0,0.227342,4.82639,4.90807,-2.14876
1,0,0.227342,4.81722,4.88944,-2.13941
1,0,0.227342,4.80848,4.87034,-2.12969
1,0,0.227342,4.79981,4.85091,-2.12054
1,0,0.227342,4.79099,4.83114,-2.11704
1,0,0.134768,4.78171,4.8116,-2.11637
1,0,0.134768,4.77251,4.79191,-2.11862
1,0,0.134768,4.7631,4.77223,-2.12146
1,0,0.134768,4.75348,4.75269,-2.12473
1,0,0.134768,4.74361,4.73341,-2.12815
1,0,0.134768,4.73317,4.71443,-2.1302
1,0,0.134768,4.72202,4.69566,-2.13056
1,0,0.134768,4.71069,4.67702,-2.12897
1,0,0.0957734,4.69922,4.65864,-2.12634
1,0,0.0957734,4.68757,4.64049,-2.12431
1,0,0.0957734,4.67575,4.62262,-2.12393
1,0,0.0957734,4.66388,4.60522,-2.12526
1,0,0.0957734,4.65233,4.58836,-2.12859
1,0,0.0957734,4.64112,4.57171,-2.13357
1,0,0.0957734,4.62957,4.55518,-2.13761
1,0,0.0957734,4.61695,4.53882,-2.13939
1,0,0.0758991,4.60303,4.52239,-2.13971
1,0,0.0758991,4.58876,4.50575,-2.13957
1,0,0.0758991,4.57488,4.48864,-2.13899
1,0,0.0758991,4.56088,4.47071,-2.13595
1,0,0.0758991,4.54672,4.45198,-2.13096
1,0,0.0758991,4.53272,4.43285,-2.1256
1,0,0.0758991,4.51933,4.41335,-2.12004
1,0,0.0758991,4.50661,4.39373,-2.11546
1,0,0.29697,4.49478,4.37387,-2.11139
1,0,0.29697,4.48389,4.35375,-2.10516
1,0,0.29697,4.47394,4.33394,-2.09707
1,0,0.29697,4.46452,4.31497,-2.08882
1,0,0.29697,4.45516,4.29652,-2.08023
1,0,0.29697,4.44606,4.2779,-2.07111
1,0,0.29697,4.43761,4.25868,-2.0612
1,0,0.29697,4.4299,4.23884,-2.05049
1,0,0.29697,4.42265,4.21857,-2.03949
1,0,0.29697,4.41546,4.198,-2.02919
1,0,0.228638,4.40814,4.17708,-2.02151
1,0,0.228638,4.40065,4.15601,-2.01717
1,0,0.228638,4.39292,4.13503,-2.01824
1,0,0.228638,4.38524,4.11386,-2.02111
1,0,0.228638,4.37745,4.09254,-2.02409
1,0,0.228638,4.36952,4.07152,-2.02705
1,0,0.228638,4.36112,4.05097,-2.02857
1,0,0.228638,4.35193,4.03073,-2.02828
1,0,0.228638,4.34242,4.01063,-2.02588
1,0,0.228638,4.33273,3.99077,-2.02194
1,0,0.18924,4.3229,3.97111,-2.01752
1,0,0.18924,4.31302,3.95171,-2.01371
1,0,0.18924,4.30305,3.93259,-2.01142
1,0,0.18924,4.29302,3.91396,-2.01056
1,0,0.18924,4.2833,3.89593,-2.01145
1,0,0.18924,4.2739,3.87814,-2.01395
1,0,0.18924,4.26414,3.8604,-2.01561
1,0,0.18924,4.25333,3.84266,-2.01552
1,0,0.18924,4.24132,3.8246,-2.01425
1,0,0.387464,4.2291,3.80635,-2.01271
1,0,0.387464,4.21744,3.78784,-2.00908
1,0,0.387464,4.20609,3.7684,-2.00008
1,0,0.387464,4.19499,3.74803,-1.9887
1,0,0.387464,4.18448,3.72714,-1.97744
1,0,0.387464,4.17476,3.70591,-1.96655
1,0,0.387464,4.16573,3.68471,-1.95654
1,0,0.387464,4.15759,3.66338,-1.94691
1,0,0.424969,4.1504,3.64194,-1.93741
1,0,0.424969,4.14403,3.62103,-1.92809
1,0,0.424969,4.13796,3.60093,-1.91785
1,0,0.424969,4.13195,3.58108,-1.90638
1,0,0.424969,4.12645,3.56083,-1.89428
1,0,0.424969,4.12184,3.53998,-1.8817
1,0,0.424969,4.11806,3.51871,-1.86868
1,0,0.462701,4.11468,3.49717,-1.85582
1,0,0.462701,4.11158,3.47527,-1.84609
1,0,0.462701,4.10819,3.45341,-1.83777
1,0,0.462701,4.10447,3.43143,-1.83458
1,0,0.462701,4.10064,3.40906,-1.8343
1,0,0.462701,4.09689,3.38634,-1.83386
1,0,0.462701,4.09307,3.36365,-1.8338
1,0,0.454567,4.08896,3.34125,-1.83262
1,0,0.454567,4.08471,3.31939,-1.82764
1,0,0.454567,4.07985,3.29775,-1.82005
1,0,0.454567,4.07444,3.27616,-1.81178
1,0,0.454567,4.06886,3.25478,-1.80358
1,0,0.454567,4.06327,3.23376,-1.79577
1,0,0.454567,4.05766,3.21316,-1.78891
1,0,0.472272,4.05203,3.19316,-1.78324
1,0,0.472272,4.04669,3.17376,-1.77918
1,0,0.472272,4.04159,3.1547,-1.77609
1,0,0.472272,4.03598,3.13569,-1.77203
1,0,0.472272,4.02935,3.1164,-1.76711
1,0,0.472272,4.02185,3.09639,-1.76192
1,0,0.472272,4.0146,3.07623,-1.75682
1,0,0.472272,4.00853,3.05576,-1.74863
1,0,0.510047,4.00281,3.03432,-1.73875
1,0,0.510047,3.99753,3.01207,-1.72703
1,0,0.510047,3.99312,2.98953,-1.71334
1,0,0.510047,3.98962,2.96703,-1.69972
1,0,0.510047,3.98699,2.94484,-1.68706
1,0,0.531628,3.98533,2.92276,-1.67453
1,0,0.531628,3.98445,2.90111,-1.66249
1,0,0.531628,3.98396,2.88032,-1.65058
1,0,0.531628,3.98344,2.86014,-1.63776
1,0,0.531628,3.98316,2.83999,-1.62418
1,0,0.531628,3.98374,2.81957,-1.61034
1,0,0.531628,3.98547,2.79891,-1.59631
1,0,0.54915,3.98808,2.77813,-1.58208
1,0,0.54915,3.99109,2.75721,-1.56813
1,0,0.54915,3.99443,2.73597,-1.5577
1,0,0.54915,3.99766,2.71461,-1.54901
1,0,0.54915,4.00084,2.69297,-1.54419
1,0,0.54915,4.00431,2.67086,-1.54297
1,0,0.54915,4.0079,2.6484,-1.54135
1,0,0.382018,4.01143,2.62587,-1.53974
1,0,0.382018,4.01471,2.60352,-1.53857
1,0,0.382018,4.01757,2.58126,-1.53609
1,0,0.382018,4.02008,2.55929,-1.53064
1,0,0.382018,4.02199,2.53722,-1.52374
1,0,0.382018,4.02355,2.5152,-1.51661
1,0,0.382018,4.02493,2.4934,-1.50979
1,0,0.382018,4.02612,2.47186,-1.50362
1,0,0.509686,4.02706,2.45066,-1.49859
1,0,0.509686,4.0279,2.43002,-1.49377
1,0,0.509686,4.02895,2.40997,-1.48897
1,0,0.509686,4.02997,2.39015,-1.48423
1,0,0.509686,4.03031,2.3701,-1.47849
1,0,0.509686,4.02975,2.34941,-1.47241
1,0,0.509686,4.02872,2.32782,-1.46625
1,0,0.254869,4.02873,2.30634,-1.45846
1,0,0.254869,4.02958,2.28464,-1.45101
1,0,0.254869,4.03086,2.26191,-1.44433
1,0,0.254869,4.0325,2.23869,-1.43663
1,0,0.254869,4.03482,2.21562,-1.42763
1,0,0.254869,4.03783,2.19318,-1.41924
1,0,0.254869,4.04187,2.17118,-1.41071
1,0,0.284986,4.04686,2.14942,-1.40187
1,0,0.284986,4.05243,2.12824,-1.39375
1,0,0.284986,4.05802,2.108,-1.38651
1,0,0.284986,4.06327,2.0884,-1.37906
1,0,0.284986,4.06855,2.06888,-1.37089
1,0,0.284986,4.07454,2.04923,-1.36197
1,0,0.284986,4.08153,2.02955,-1.35223
1,0,0.284986,4.08936,2.00984,-1.34234
0.898086,0,0.311326,4.09755,1.98995,-1.33505
0.898086,0,0.311326,4.10534,1.97011,-1.33158
0.898086,0,0.311326,4.11309,1.94977,-1.33215
0.898086,0,0.311326,4.12071,1.92899,-1.33329
0.898086,0,0.311326,4.12824,1.90835,-1.33426
0.898086,0,0.311326,4.13546,1.8885,-1.33364
0.87897,0,0.24285,4.1419,1.86874,-1.33118
0.87897,0,0.24285,4.14757,1.8489,-1.32775
0.87897,0,0.24285,4.15257,1.8291,-1.32461
0.87897,0,0.24285,4.15706,1.80959,-1.32208
0.87897,0,0.24285,4.16109,1.79062,-1.32031
0.87897,0,0.24285,4.16472,1.77234,-1.31961
0.87897,0,0.24285,4.16819,1.75463,-1.32017
0.862799,0,0.309866,4.17154,1.73718,-1.32151
0.862799,0,0.309866,4.1745,1.71959,-1.32166
0.862799,0,0.309866,4.17685,1.70158,-1.32011
0.862799,0,0.309866,4.1787,1.68264,-1.3176
0.862799,0,0.309866,4.18077,1.6638,-1.31608
0.862799,0,0.309866,4.18373,1.6449,-1.31333
0.862799,0,0.309866,4.18724,1.62536,-1.30897
0.940167,0,0.376347,4.19104,1.60518,-1.30302
0.940167,0,0.376347,4.19528,1.58503,-1.29478
0.940167,0,0.376347,4.20008,1.56531,-1.28399
0.940167,0,0.376347,4.2055,1.54619,-1.27423
0.940167,0,0.376347,4.21176,1.52743,-1.2655
0.940167,0,0.376347,4.21848,1.50911,-1.25753
0.940167,0,0.376347,4.22533,1.49145,-1.25016
0.954043,0,0.380219,4.23209,1.47457,-1.24283
0.954043,0,0.380219,4.23862,1.4581,-1.2343
0.954043,0,0.380219,4.24526,1.44162,-1.22432
0.954043,0,0.380219,4.25257,1.42505,-1.21371
0.954043,0,0.380219,4.26083,1.40856,-1.20291
0.954043,0,0.380219,4.26987,1.39223,-1.19177
0.954043,0,0.380219,4.27981,1.37595,-1.1833
0.954043,0,0.380219,4.28944,1.35997,-1.17432
1,0,0.484637,4.29902,1.3438,-1.16798
1,0,0.484637,4.30916,1.32719,-1.16542
1,0,0.484637,4.31986,1.31023,-1.1637
1,0,0.484637,4.33097,1.29299,-1.16172
1,0,0.484637,4.34234,1.27551,-1.15937
1,0,0.484637,4.35375,1.25779,-1.15697
1,0,0.484637,4.36499,1.23987,-1.15506
1,0,0.484637,4.37598,1.22191,-1.15034
1,0,0.618596,4.38652,1.20384,-1.14197
1,0,0.618596,4.39655,1.18536,-1.13117
1,0,0.618596,4.40616,1.16667,-1.11927
1,0,0.618596,4.41542,1.14801,-1.10818
1,0,0.618596,4.42436,1.12952,-1.09869
1,0,0.618596,4.43302,1.11147,-1.09066
1,0,0.618596,4.44168,1.09406,-1.08428
1,0,0.618596,4.45031,1.07699,-1.07832
1,0,0.638811,4.45846,1.05959,-1.07104
1,0,0.638811,4.46603,1.04128,-1.06308
1,0,0.638811,4.47356,1.02164,-1.05521
1,0,0.638811,4.48187,1.00252,-1.04681
1,0,0.638811,4.49121,0.983642,-1.03651
1,0,0.638811,4.50158,0.964148,-1.02336
1,0,0.638811,4.51308,0.944419,-1.00782
1,0,0.638811,4.52494,0.925624,-0.993379
0.216888,0,0.809454,4.53766,0.907863,-0.977981
0.216888,0,0.809454,4.55087,0.891095,-0.962238
0.216888,0,0.809454,4.5638,0.875465,-0.946681
0.216888,0,0.809454,4.57615,0.860663,-0.930573
0.216888,0,0.809454,4.58848,0.846293,-0.913697
0.216888,0,0.809454,4.60142,0.832208,-0.896462
0.216888,0,0.809454,4.61511,0.818498,-0.878824
0.216888,0,0.809454,4.62924,0.805152,-0.861385
0.216888,0,0.809454,4.64337,0.791869,-0.845723
0,0,0.826142,4.65742,0.778245,-0.833751
0,0,0.826142,4.67062,0.765775,-0.822758
0,0,0.826142,4.68204,0.755005,-0.807336
0,0,0.826142,4.69244,0.744184,-0.791657
0,0,0.826142,4.70187,0.733477,-0.776039
0,0,0.826142,4.71016,0.723196,-0.76035
0,0,0.826142,4.71731,0.713452,-0.744433
0,0,0.87393,4.72352,0.704303,-0.727961
0,0,0.87393,4.72904,0.695756,-0.71062
0,0,0.87393,4.73404,0.687703,-0.69284
0,0,0.87393,4.73869,0.680047,-0.675679
0,0,0.87393,4.74313,0.672827,-0.659466
0,0,0.87393,4.74801,0.665646,-0.648536
0,0,0.87393,4.75228,0.658387,-0.638727
0,0,0.878002,4.7551,0.651303,-0.626801
0,0,0.878002,4.75785,0.644931,-0.613772
0,0,0.878002,4.76071,0.639258,-0.601678
0,0,0.878002,4.76354,0.634206,-0.590284
0,0,0.878002,4.76616,0.629703,-0.579337
0,0,0.878002,4.76848,0.625711,-0.568292
0,0,0.878002,4.77044,0.622189,-0.556534
0,0,0.878002,4.77215,0.619137,-0.544464
0,0,0.896131,4.77363,0.616499,-0.530741
0,0,0.896131,4.77499,0.614275,-0.513952
0,0,0.896131,4.77627,0.612306,-0.493125
0,0,0.896131,4.77751,0.610712,-0.471956
0,0,0.896131,4.77908,0.609472,-0.458766
0,0,0.896131,4.78044,0.60871,-0.446107
0,0,0.896131,4.78186,0.608207,-0.433955
0,0,0.895284,4.78338,0.607869,-0.422168
0,0,0.895284,4.78496,0.607713,-0.411241
0,0,0.895284,4.78654,0.607717,-0.400405
0,0,0.895284,4.78802,0.607907,-0.390006
0,0,0.895284,4.78938,0.608179,-0.378722
0,0,0.895284,4.79058,0.608616,-0.368507
0,0,0.895284,4.79154,0.609092,-0.358306
0,0,0.901612,4.79234,0.609597,-0.348816
0,0,0.901612,4.79294,0.610144,-0.339971
0,0,0.901612,4.79331,0.610703,-0.331364
0,0,0.901612,4.79346,0.61125,-0.322958
0,0,0.901612,4.79341,0.611756,-0.314892
0,0,0.901612,4.79316,0.612203,-0.307203
0,0,0.901612,4.79272,0.612561,-0.2998
0,0,0.901612,4.79206,0.612908,-0.29242
0,0,0.908729,4.79115,0.613196,-0.285339
0,0,0.908729,4.78992,0.613554,-0.278248
0,0,0.908729,4.78838,0.613933,-0.270619
0,0,0.908729,4.78655,0.614249,-0.262806
0,0,0.908729,4.78439,0.613959,-0.257697
0,0,0.908729,4.78195,0.61332,-0.252695
0,0,0.908729,4.7793,0.612961,-0.245999
0,0,0.905049,4.77628,0.612298,-0.240652
0,0,0.905049,4.7732,0.611724,-0.234166
0,0,0.905049,4.77001,0.611085,-0.228816
0,0,0.905049,4.76663,0.61022,-0.224473
0,0,0.905049,4.76313,0.609288,-0.220165
0,0,0.905049,4.75953,0.608279,-0.216207
0,0,0.905049,4.75586,0.607176,-0.212681
0,0,0.907787,4.75215,0.605955,-0.209142
0,0,0.907787,4.74914,0.604251,-0.200212
0,0,0.907787,4.74655,0.602861,-0.189656
0,0,0.907787,4.74414,0.601595,-0.177854
0,0,0.907787,4.74215,0.600499,-0.169265
0,0,0.907787,4.74063,0.599345,-0.161034
0,0,0.907787,4.73967,0.598301,-0.149935
0,0,0.905611,4.7392,0.597059,-0.129827
0,0,0.905611,4.73933,0.595875,-0.10629
0,0,0.905611,4.7402,0.595309,-0.0878188
0,0,0.905611,4.74181,0.595411,-0.0727412
0,0,0.905611,4.74406,0.59607,-0.0581139
0,0,0.905611,4.74679,0.597163,-0.0426371
0,0,0.905611,4.74939,0.598723,-0.0259226
0,0,0.897911,4.75205,0.60036,-0.01088
0,0,0.897911,4.755,0.60151,0.00146364
0,0,0.897911,4.75722,0.602484,0.0133523
0,0,0.897911,4.75886,0.603506,0.0237037
0,0,0.897911,4.75986,0.604853,0.0333745
0,0,0.897911,4.7602,0.606226,0.0429874
0,0,0.88321,4.76013,0.607529,0.051982
0,0,0.88321,4.75985,0.608807,0.0601029
0,0,0.88321,4.75937,0.61012,0.0674667
0,0,0.88321,4.75862,0.611513,0.0744234
0,0,0.88321,4.75758,0.613006,0.0811854
0,0,0.88321,4.75626,0.614598,0.0877166
0,0,0.88321,4.75471,0.61626,0.0938503
0,0,0.86869,4.75291,0.617943,0.0994406
0,0,0.86869,4.75084,0.619604,0.104319
0,0,0.86869,4.74848,0.621222,0.10885
0,0,0.86869,4.74581,0.622764,0.113267
0,0,0.86869,4.74284,0.624239,0.118686
0,0,0.86869,4.73961,0.625632,0.12536
0,0,0.834726,4.73605,0.626901,0.131015
0,0,0.834726,4.7322,0.628087,0.134286
0,0,0.834726,4.7281,0.629245,0.136968
0,0,0.834726,4.72382,0.630462,0.142463
0,0,0.834726,4.71976,0.631982,0.153516
0,0,0.834726,4.71562,0.633316,0.167718
0,0,0.834726,4.71131,0.634302,0.176044
0,0,0.804469,4.70715,0.635159,0.181743
0,0,0.804469,4.70331,0.635721,0.189699
0,0,0.804469,4.69979,0.636154,0.202666
0,0,0.804469,4.69646,0.63654,0.224918
0,0,0.804469,4.69318,0.636901,0.253812
0,0,0.804469,4.69,0.636851,0.27792
0,0,0.804469,4.68712,0.63622,0.297233
0,0,0.643476,4.68463,0.635107,0.314565
0,0,0.643476,4.68241,0.63374,0.329633
0,0,0.643476,4.68107,0.632035,0.339424
0,0,0.643476,4.67973,0.630207,0.34582
0,0,0.643476,4.67897,0.628196,0.350899
0,0,0.643476,4.67914,0.626377,0.357687
0,0,0.643476,4.68007,0.624897,0.36496
0,0,-0.328677,4.68143,0.623716,0.371914
0,0,-0.328677,4.68324,0.623084,0.369983
0,0,-0.328677,4.6857,0.623073,0.356653
0,0,-0.328677,4.68879,0.623316,0.340351
0,0,-0.328677,4.69241,0.623696,0.325436
0,0,-0.328677,4.69632,0.62445,0.312331
0,0,-0.328677,4.70048,0.625517,0.300191
0,0,-0.0904522,4.70486,0.626652,0.288396
0,0,-0.0904522,4.70923,0.627988,0.278968
0,0,-0.0904522,4.71345,0.62947,0.272739
0,0,-0.0904522,4.7174,0.631104,0.26775
0,0,-0.0904522,4.72102,0.63286,0.262819
0,0,-0.0904522,4.72426,0.634663,0.257851
0,0,0.657818,4.7271,0.636437,0.253043
0,0,0.657818,4.7295,0.638067,0.254834
0,0,0.657818,4.73142,0.639516,0.26574
0,0,0.657818,4.73289,0.640846,0.279534
0,0,0.657818,4.73398,0.642122,0.292143
0,0,0.657818,4.7347,0.643419,0.302863
0,0,0.657818,4.73511,0.644501,0.313013
0,0,0.657818,4.73525,0.64538,0.322789
0,0,0.577406,4.73517,0.646085,0.332048
0,0,0.577406,4.73494,0.646652,0.340069
0,0,0.577406,4.73462,0.647108,0.346674
0,0,0.577406,4.73423,0.647463,0.352664
0,0,0.577406,4.73381,0.647739,0.358436
0,0,0.577406,4.73336,0.647951,0.364097
0,0,0.577406,4.73292,0.648121,0.369557
0,0,0.577406,4.7325,0.648257,0.374839
0,0,-0.282532,4.73211,0.648364,0.379967
0,0,-0.282532,4.73184,0.648517,0.377089
0,0,-0.282532,4.73178,0.648719,0.363868
0,0,-0.282532,4.73192,0.64884,0.347999
0,0,-0.282532,4.73216,0.648866,0.333293
0,0,-0.282532,4.73249,0.648883,0.320014
0,0,0.221154,4.73291,0.648961,0.307591
0,0,0.221154,4.73341,0.649083,0.299888
0,0,0.221154,4.73391,0.649239,0.298538
0,0,0.221154,4.73439,0.649469,0.299608
0,0,0.221154,4.73485,0.649765,0.300552
0,0,0.221154,4.73529,0.650074,0.300932
0,0,0.221154,4.73568,0.650345,0.301058
0,0,0.530658,4.73602,0.650553,0.301119
0,0,0.530658,4.73628,0.650678,0.303805
0,0,0.530658,4.73643,0.650728,0.310128
0,0,0.530658,4.7365,0.65075,0.317495
0,0,0.530658,4.73652,0.650755,0.324347
0,0,0.530658,4.7365,0.650729,0.330523
0,0,0.530658,4.73644,0.650654,0.336296
0,0,0.154954,4.73635,0.650533,0.341819
0,0,0.154954,4.73626,0.650404,0.343717
0,0,0.154954,4.73624,0.650278,0.34089
0,0,0.154954,4.73626,0.650115,0.336659
0,0,0.154954,4.73629,0.64992,0.332822
0,0,0.154954,4.73633,0.649731,0.329542
0,0,-0.0887962,4.73639,0.649583,0.326547
0,0,-0.0887962,4.73648,0.649506,0.321587
0,0,-0.0887962,4.73663,0.649492,0.313943
0,0,-0.0887962,4.73681,0.649496,0.305652
0,0,-0.0887962,4.73702,0.649517,0.297809
0,0,-0.0887962,4.73724,0.649564,0.29054
0,0,-0.0887962,4.73747,0.649654,0.283665
0,0,0.297268,4.73771,0.649784,0.277086
0,0,0.297268,4.73794,0.649915,0.274028
0,0,0.297268,4.73814,0.650047,0.275708
0,0,0.297268,4.73829,0.650216,0.278998
0,0,0.297268,4.73841,0.65041,0.281976
0,0,0.297268,4.73851,0.650593,0.284382
0,0,0.297268,4.73857,0.650735,0.286481
0,0,0.566225,4.73859,0.650826,0.28843
0,0,0.566225,4.73857,0.650856,0.292579
0,0,0.566225,4.73848,0.650833,0.299813
0,0,0.566225,4.73835,0.650798,0.307889
0,0,0.566225,4.7382,0.650757,0.315483
0,0,0.566225,4.73804,0.650702,0.322424
0,0,0.566225,4.73788,0.650618,0.328967
0,0,0.292376,4.7377,0.650506,0.335268
0,0,0.292376,4.73755,0.650391,0.338917
0,0,0.292376,4.73745,0.650283,0.339062
0,0,0.292376,4.73739,0.650155,0.338115
0,0,0.292376,4.73735,0.650008,0.3374
0,0,0.292376,4.73731,0.649873,0.337031
0,0,0.292376,4.73728,0.649771,0.336828
0,0,-0.172233,4.73727,0.649709,0.336702
0,0,-0.172233,4.73729,0.649709,0.332553
0,0,-0.172233,4.73737,0.649765,0.323019
0,0,-0.172233,4.73752,0.649802,0.312075
0,0,-0.172233,4.73768,0.649817,0.301812
0,0,-0.172233,4.73785,0.649847,0.292433
0,0,-0.172233,4.73804,0.649928,0.283614
0,0,0.443627,4.73824,0.650063,0.27519
0,0,0.443627,4.73843,0.650198,0.272248
0,0,0.443627,4.73856,0.650328,0.276809
0,0,0.443627,4.73863,0.650499,0.284011
0,0,0.443627,4.73866,0.650706,0.290668
0,0,0.443627,4.73865,0.650897,0.296306
0,0,0.443627,4.73859,0.651026,0.301388
0,0,0.597617,4.73849,0.651081,0.30619
0,0,0.597617,4.73833,0.65106,0.312099
0,0,0.597617,4.73812,0.650982,0.319609
0,0,0.597617,4.73789,0.650884,0.32744
0,0,0.597617,4.73764,0.650779,0.33485
0,0,0.597617,4.73739,0.650663,0.3418
0,0,0.121482,4.73715,0.650534,0.34843
0,0,0.121482,4.73694,0.650429,0.350515
0,0,0.121482,4.73684,0.650349,0.346718
0,0,0.121482,4.7368,0.650235,0.341233
0,0,0.121482,4.73679,0.650088,0.336271
0,0,0.121482,4.7368,0.649951,0.332033
0,0,-0.27767,4.73682,0.649865,0.328172
0,0,-0.27767,4.73689,0.649866,0.321086
0,0,-0.27767,4.73702,0.649933,0.309644
0,0,-0.27767,4.73719,0.650007,0.297127
0,0,-0.27767,4.7374,0.650073,0.285343
0,0,-0.27767,4.73762,0.650164,0.274438
0,0,0.439149,4.73785,0.650298,0.264163
0,0,0.439149,4.73811,0.65043,0.260203
0,0,0.439149,4.73835,0.650552,0.264927
0,0,0.439149,4.73852,0.650721,0.272737
0,0,0.439149,4.73864,0.650931,0.279959
0,0,0.439149,4.7387,0.651117,0.286011
0,0,0.439149,4.73871,0.651232,0.291395
0,0,0.463533,4.73865,0.651256,0.296463
0,0,0.463533,4.73853,0.651204,0.301474
0,0,0.463533,4.73838,0.651097,0.306497
0,0,0.463533,4.7382,0.65096,0.311364
0,0,0.463533,4.73801,0.650808,0.315996
0,0,0.463533,4.73783,0.650653,0.320412
0,0,0.463533,4.73765,0.650497,0.32466
0,0,0.00014527,4.73747,0.650348,0.328765
0,0,0.00014527,4.73735,0.650247,0.32858
0,0,0.00014527,4.73731,0.650186,0.322797
0,0,0.00014527,4.73733,0.650103,0.315477
0,0,0.00014527,4.73738,0.650002,0.308728
0,0,0.00014527,4.73744,0.649926,0.302739
0,0,0.00014527,4.73754,0.649906,0.29719
0,0,0.00014527,4.73766,0.649953,0.291905
0,0,0.00014527,4.7378,0.650053,0.286877
0,0,0.303674,4.73794,0.650194,0.282109
0,0,0.303674,4.73809,0.650338,0.280147
0,0,0.303674,4.7382,0.65048,0.281919
0,0,0.303674,4.73828,0.650643,0.284946
0,0,0.303674,4.73833,0.650823,0.287717
0,0,0.303674,4.73837,0.650989,0.290021
0,0,0.303674,4.73839,0.651121,0.292064
0,0,0.290233,4.73837,0.651209,0.293979
0,0,0.290233,4.73834,0.65126,0.295662
0,0,0.290233,4.73829,0.651283,0.297067
0,0,0.290233,4.73824,0.651284,0.298326
0,0,0.290233,4.73818,0.651269,0.299523
0,0,0.290233,4.73813,0.651244,0.300678
0,0,0.290233,4.73807,0.651213,0.301793
0,0,0.290233,4.73802,0.651181,0.302869
0,0,0.211974,4.73797,0.651147,0.303912
0,0,0.211974,4.73794,0.651119,0.304249
0,0,0.211974,4.73792,0.651101,0.303629
0,0,0.211974,4.73792,0.651081,0.302717
0,0,0.211974,4.73793,0.651058,0.301895
0,0,0.211974,4.73795,0.651042,0.301196
0,0,0.211974,4.73797,0.651039,0.300561
0,0,0.221115,4.738,0.651047,0.299968
0,0,0.221115,4.73803,0.651063,0.299501
0,0,0.221115,4.73806,0.651087,0.299173
0,0,0.221115,4.73809,0.651117,0.298903
0,0,0.221115,4.73812,0.65115,0.298648
0,0,0.221115,4.73815,0.651184,0.298402
0,0,0.221115,4.73817,0.651219,0.298156
0,0,0.293905,4.7382,0.651251,0.297923
0,0,0.293905,4.73821,0.651278,0.298316
0,0,0.293905,4.73822,0.651298,0.299583
0,0,0.293905,4.73821,0.65132,0.301108
0,0,0.293905,4.73819,0.651342,0.302544
0,0,0.293905,4.73817,0.651362,0.30384
0,0,0.293905,4.73815,0.651372,0.305059
0,0,0.213119,4.73812,0.651374,0.306221
0,0,0.213119,4.73809,0.651372,0.306637
0,0,0.213119,4.73808,0.651373,0.306042
0,0,0.213119,4.73807,0.651366,0.305131
0,0,0.213119,4.73806,0.65135,0.304305
0,0,0.213119,4.73806,0.651339,0.303592
0,0,0.213119,4.73806,0.651333,0.302947
0,0,0.213119,4.73807,0.65134,0.302336
0,0,0.206974,4.73808,0.651353,0.30176
0,0,0.206974,4.73809,0.651376,0.301164
0,0,0.206974,4.7381,0.651405,0.300519
0,0,0.206974,4.73812,0.651434,0.299883
0,0,0.206974,4.73813,0.651464,0.299282
0,0,0.206974,4.73815,0.651497,0.298701
0,0,0.206974,4.73817,0.651529,0.298146
0,0,0.211965,4.73818,0.651561,0.297612
0,0,0.211965,4.7382,0.651588,0.297149
0,0,0.211965,4.73822,0.651617,0.296752
0,0,0.211965,4.73824,0.651643,0.296398
0,0,0.211965,4.73826,0.651666,0.296045
0,0,0.211965,4.73828,0.651688,0.295693
0,0,0.311037,4.73829,0.651709,0.295336
0,0,0.311037,4.7383,0.65172,0.295853
0,0,0.311037,4.73829,0.651721,0.297561
0,0,0.311037,4.73827,0.651724,0.29962
0,0,0.311037,4.73825,0.651731,0.301551
0,0,0.311037,4.73822,0.651734,0.303295
0,0,0.311037,4.73819,0.651727,0.304924
0,0,0.20863,4.73815,0.651709,0.306482
0,0,0.20863,4.73812,0.651688,0.307092
0,0,0.20863,4.7381,0.651668,0.306423
0,0,0.20863,4.73809,0.65164,0.305352
0,0,0.20863,4.73809,0.651605,0.304374
0,0,0.20863,4.73809,0.651572,0.303555
0,0,0.20863,4.73809,0.651553,0.30281
0,0,0.185667,4.7381,0.651544,0.302119
0,0,0.185667,4.73811,0.65155,0.301266
0,0,0.185667,4.73813,0.651567,0.300181
0,0,0.185667,4.73816,0.651591,0.29905
0,0,0.185667,4.73819,0.65162,0.297975
0,0,0.185667,4.73821,0.651651,0.296972
